id;drop;world;name;shdr;shdg;shdb;shduv;str;dsty;mate;solid;plat;wall;grav;dlfn;fv;fr;lumr;lumg;lumb;lumuv;colour;vscs;refl;tags
0;0;0;BLOCK_AIR;0.0312;0.0312;0.0312;0.0312;1;1;NULL;0;0;1;N/A;0;0;4;0.0000;0.0000;0.0000;0.0000;N/A;N/A;0.0;
16;17;17;BLOCK_STONE;0.1252;0.1252;0.1252;0.1252;48;2400;ROCK;1;0;1;N/A;0;4;16;0.0000;0.0000;0.0000;0.0000;N/A;N/A;0.0;ROCK,NATURAL
17;17;17;BLOCK_STONE_QUARRIED;0.1252;0.1252;0.1252;0.1252;48;2400;ROCK;1;0;1;N/A;0;4;16;0.0000;0.0000;0.0000;0.0000;N/A;N/A;0.0;ROCK
18;18;18;BLOCK_STONE_TILE_WHITE;0.1252;0.1252;0.1252;0.1252;48;2400;ROCK;1;0;1;N/A;0;4;16;0.0000;0.0000;0.0000;0.0000;N/A;N/A;0.18;STONE
19;19;19;BLOCK_STONE_BRICKS;0.1252;0.1252;0.1252;0.1252;48;2400;ROCK;1;0;1;N/A;0;4;16;0.0000;0.0000;0.0000;0.0000;N/A;N/A;0.0;STONE
20;20;20;BLOCK_STONE_DEEP;0.1252;0.1252;0.1252;0.1252;80;24600;ROCK;1;0;1;N/A;0;4;16;0.0000;0.0000;0.0000;0.0000;N/A;N/A;0.0;ROCK,NATURAL
21;21;21;BLOCK_STONE_MARBLE;0.1252;0.1252;0.1252;0.1252;48;2400;ROCK;1;0;1;N/A;0;4;16;0.0000;0.0000;0.0000;0.0000;N/A;N/A;0.1;ROCK,NATURAL
32;32;32;BLOCK_DIRT;0.1252;0.1252;0.1252;0.1252;24;1400;DIRT;1;0;1;N/A;0;4;16;0.0000;0.0000;0.0000;0.0000;N/A;N/A;0.0;DIRT,NATURAL
33;32;32;BLOCK_GRASS;0.1252;0.1252;0.1252;0.1252;24;1400;GRSS;1;0;0;N/A;0;0;16;0.0000;0.0000;0.0000;0.0000;N/A;N/A;0.0;GRASS,NATURAL
34;34;34;BLOCK_GRASSWALL;0.1252;0.1252;0.1252;0.1252;24;1400;GRSS;1;0;1;N/A;0;0;16;0.0000;0.0000;0.0000;0.0000;N/A;N/A;0.0;GRASS,NATURAL
35;35;35;BLOCK_FOLIAGE_GREEN;0.1252;0.1252;0.1252;0.1252;24;1400;GRSS;1;0;1;N/A;0;0;16;0.0000;0.0000;0.0000;0.0000;N/A;N/A;0.0;LEAVES,NATURAL
36;36;36;BLOCK_FOLIAGE_LIME;0.1252;0.1252;0.1252;0.1252;24;1400;GRSS;1;0;1;N/A;0;0;16;0.0000;0.0000;0.0000;0.0000;N/A;N/A;0.0;LEAVES,NATURAL
37;37;37;BLOCK_FOLIAGE_GOLD;0.1252;0.1252;0.1252;0.1252;24;1400;GRSS;1;0;1;N/A;0;0;16;0.0000;0.0000;0.0000;0.0000;N/A;N/A;0.0;LEAVES,NATURAL
38;38;38;BLOCK_FOLIAGE_RED;0.1252;0.1252;0.1252;0.1252;24;1400;GRSS;1;0;1;N/A;0;0;16;0.0000;0.0000;0.0000;0.0000;N/A;N/A;0.0;LEAVES,NATURAL
39;39;39;BLOCK_FOLIAGE_ICEBLUE;0.1252;0.1252;0.1252;0.1252;24;1400;GRSS;1;0;1;N/A;0;0;16;0.0000;0.0000;0.0000;0.0000;N/A;N/A;0.0;LEAVES,NATURAL
40;40;40;BLOCK_FOLIAGE_PURPLE;0.1252;0.1252;0.1252;0.1252;24;1400;GRSS;1;0;1;N/A;0;0;16;0.0000;0.0000;0.0000;0.0000;N/A;N/A;0.0;LEAVES,NATURAL
48;48;48;BLOCK_PLANK_NORMAL;0.1252;0.1252;0.1252;0.1252;16;740;WOOD;1;0;1;N/A;0;0;16;0.0000;0.0000;0.0000;0.0000;N/A;N/A;0.0;WOOD
49;49;49;BLOCK_PLANK_EBONY;0.1252;0.1252;0.1252;0.1252;19;1200;WOOD;1;0;1;N/A;0;0;16;0.0000;0.0000;0.0000;0.0000;N/A;N/A;0.0;WOOD
50;50;50;BLOCK_PLANK_BIRCH;0.1252;0.1252;0.1252;0.1252;15;670;WOOD;1;0;1;N/A;0;0;16;0.0000;0.0000;0.0000;0.0000;N/A;N/A;0.0;WOOD
51;51;51;BLOCK_PLANK_BLOODROSE;0.1252;0.1252;0.1252;0.1252;17;900;WOOD;1;0;1;N/A;0;0;16;0.0000;0.0000;0.0000;0.0000;N/A;N/A;0.0;WOOD
64;64;64;BLOCK_TRUNK_NORMAL;0.0312;0.0312;0.0312;0.0312;16;740;WOOD;0;0;0;N/A;0;0;16;0.0000;0.0000;0.0000;0.0000;N/A;N/A;0.0;TREE,NATURAL
65;65;65;BLOCK_TRUNK_EBONY;0.0312;0.0312;0.0312;0.0312;19;1200;WOOD;0;0;0;N/A;0;0;16;0.0000;0.0000;0.0000;0.0000;N/A;N/A;0.0;TREE,NATURAL
66;66;66;BLOCK_TRUNK_BIRCH;0.0312;0.0312;0.0312;0.0312;15;670;WOOD;0;0;0;N/A;0;0;16;0.0000;0.0000;0.0000;0.0000;N/A;N/A;0.0;TREE,NATURAL
67;67;67;BLOCK_TRUNK_BLOODROSE;0.0312;0.0312;0.0312;0.0312;17;900;WOOD;0;0;0;N/A;0;0;16;0.0000;0.0000;0.0000;0.0000;N/A;N/A;0.0;TREE,NATURAL
80;80;80;BLOCK_SAND;0.1252;0.1252;0.1252;0.1252;24;2400;SAND;1;0;0;0;0;4;16;0.0000;0.0000;0.0000;0.0000;N/A;N/A;0.06;SAND,NATURAL
81;81;81;BLOCK_SAND_WHITE;0.1252;0.1252;0.1252;0.1252;24;2400;SAND;1;0;0;0;0;4;16;0.0000;0.0000;0.0000;0.0000;N/A;N/A;0.06;SAND,NATURAL
82;82;82;BLOCK_SAND_RED;0.1252;0.1252;0.1252;0.1252;24;2400;SAND;1;0;0;0;0;4;16;0.0000;0.0000;0.0000;0.0000;N/A;N/A;0.06;SAND,NATURAL
83;83;83;BLOCK_SAND_DESERT;0.1252;0.1252;0.1252;0.1252;24;2400;SAND;1;0;0;0;0;4;16;0.0000;0.0000;0.0000;0.0000;N/A;N/A;0.06;SAND,NATURAL
84;84;84;BLOCK_SAND_BLACK;0.1252;0.1252;0.1252;0.1252;24;2400;SAND;1;0;0;0;0;4;16;0.0000;0.0000;0.0000;0.0000;N/A;N/A;0.06;SAND,NATURAL
85;85;85;BLOCK_SAND_GREEN;0.1252;0.1252;0.1252;0.1252;24;2400;SAND;1;0;0;0;0;4;16;0.0000;0.0000;0.0000;0.0000;N/A;N/A;0.06;SAND,NATURAL
96;96;96;BLOCK_GRAVEL;0.1252;0.1252;0.1252;0.1252;24;2400;GRVL;1;0;0;0;0;4;16;0.0000;0.0000;0.0000;0.0000;N/A;N/A;0.0;GRAVEL,NATURAL
97;97;97;BLOCK_GRAVEL_GREY;0.1252;0.1252;0.1252;0.1252;24;2400;GRVL;1;0;0;0;0;4;16;0.0000;0.0000;0.0000;0.0000;N/A;N/A;0.0;GRAVEL,NATURAL
112;112;112;BLOCK_ORE_MALACHITE;0.1252;0.1252;0.1252;0.1252;48;2400;OORE;1;0;0;N/A;0;4;16;0.0000;0.0000;0.0000;0.0000;N/A;N/A;0.0;ORE,NATURAL
113;113;113;BLOCK_ORE_HEMATITE;0.1252;0.1252;0.1252;0.1252;48;2400;OORE;1;0;0;N/A;0;4;16;0.0000;0.0000;0.0000;0.0000;N/A;N/A;0.0;ORE,NATURAL
114;114;114;BLOCK_ORE_NATURAL_GOLD;0.1252;0.1252;0.1252;0.1252;48;2400;OORE;1;0;0;N/A;0;4;16;0.0000;0.0000;0.0000;0.0000;N/A;N/A;0.0;ORE,NATURAL
115;115;115;BLOCK_ORE_COAL;0.1252;0.1252;0.1252;0.1252;48;2400;OORE;1;0;0;N/A;0;4;16;0.0000;0.0000;0.0000;0.0000;N/A;N/A;0.0;ORE,NATURAL
116;116;116;BLOCK_ORE_SPHALERITE;0.1252;0.1252;0.1252;0.1252;48;2400;OORE;1;0;0;N/A;0;4;16;0.0000;0.0000;0.0000;0.0000;N/A;N/A;0.0;ORE,NATURAL
117;117;117;BLOCK_ORE_RUTILE;0.1252;0.1252;0.1252;0.1252;48;2400;OORE;1;0;0;N/A;0;4;16;0.0000;0.0000;0.0000;0.0000;N/A;N/A;0.0;ORE,NATURAL
128;128;128;BLOCK_GEM_RUBY;0.1252;0.1252;0.1252;0.1252;48;2400;OGEM;1;0;0;N/A;0;4;16;0.0000;0.0000;0.0000;0.0000;N/A;N/A;0.0;GEM,NATURAL
129;129;129;BLOCK_GEM_EMERALD;0.1252;0.1252;0.1252;0.1252;48;2400;OGEM;1;0;0;N/A;0;4;16;0.0000;0.0000;0.0000;0.0000;N/A;N/A;0.0;GEM,NATURAL
130;130;130;BLOCK_GEM_SAPPHIRE;0.1252;0.1252;0.1252;0.1252;48;2400;OGEM;1;0;0;N/A;0;4;16;0.0000;0.0000;0.0000;0.0000;N/A;N/A;0.0;GEM,NATURAL
131;131;131;BLOCK_GEM_TOPAZ;0.1252;0.1252;0.1252;0.1252;48;2400;OGEM;1;0;0;N/A;0;4;16;0.0000;0.0000;0.0000;0.0000;N/A;N/A;0.0;GEM,NATURAL
132;132;132;BLOCK_GEM_DIAMOND;0.1252;0.1252;0.1252;0.1252;48;2400;OGEM;1;0;0;N/A;0;4;16;0.0000;0.0000;0.0000;0.0000;N/A;N/A;0.0;GEM,NATURAL
133;133;133;BLOCK_GEM_AMETHYST;0.1252;0.1252;0.1252;0.1252;48;2400;OGEM;1;0;0;N/A;0;4;16;0.0000;0.0000;0.0000;0.0000;N/A;N/A;0.0;GEM,NATURAL
134;134;134;BLOCK_GEM_QUARTZ;0.1252;0.1252;0.1252;0.1252;48;2400;OGEM;1;0;0;N/A;0;4;16;0.0000;0.0000;0.0000;0.0000;N/A;N/A;0.0;GEM,NATURAL
144;144;144;BLOCK_SNOW;0.1252;0.1252;0.1252;0.1252;24;500;SNOW;1;0;1;N/A;0;4;16;0.0000;0.0000;0.0000;0.0000;N/A;N/A;0.0;SNOW,NATURAL
145;N/A;N/A;BLOCK_ICE_FRAGILE;0.0508;0.0508;0.0508;0.0508;5;930;ICEI;1;0;0;N/A;0;0;4;0.0000;0.0000;0.0000;0.0000;N/A;N/A;0.0;ICE,NATURAL,FRAGIEL
146;146;146;BLOCK_ICE_NATURAL;0.1016;0.1016;0.1016;0.1016;35;930;ICEI;1;0;1;N/A;0;0;4;0.0000;0.0000;0.0000;0.0000;N/A;N/A;0.0;ICE,NATURAL
147;147;147;BLOCK_ICE_CLEAR_MAGICAL;0.1252;0.1252;0.1252;0.1252;48;3720;ICEX;1;0;1;N/A;0;0;4;0.0744;0.1252;0.2268;0.0000;N/A;N/A;0.0;ICE
148;148;148;BLOCK_GLASS_CRUDE;0.0876;0.0424;0.0876;0.1252;5;2500;GLAS;1;0;1;N/A;0;0;16;0.0000;0.0000;0.0000;0.0000;N/A;N/A;0.0;GLASS
149;149;149;BLOCK_GLASS_CLEAN;0.0424;0.0424;0.0424;0.0636;5;2203;GLAS;1;0;1;N/A;0;0;16;0.0000;0.0000;0.0000;0.0000;N/A;N/A;0.0;GLASS
160;160;160;BLOCK_PLATFORM_STONE;0.0312;0.0312;0.0312;0.0312;5;2400;ROCK;0;1;0;N/A;0;0;16;0.0000;0.0000;0.0000;0.0000;N/A;N/A;0.0;PLATFORM
161;161;161;BLOCK_PLATFORM_WOODEN;0.0312;0.0312;0.0312;0.0312;5;740;WOOD;0;1;0;N/A;0;0;16;0.0000;0.0000;0.0000;0.0000;N/A;N/A;0.0;PLATFORM
162;162;162;BLOCK_PLATFORM_EBONY;0.0312;0.0312;0.0312;0.0312;5;1200;WOOD;0;1;0;N/A;0;0;16;0.0000;0.0000;0.0000;0.0000;N/A;N/A;0.0;PLATFORM
163;163;163;BLOCK_PLATFORM_BIRCH;0.0312;0.0312;0.0312;0.0312;5;670;WOOD;0;1;0;N/A;0;0;16;0.0000;0.0000;0.0000;0.0000;N/A;N/A;0.0;PLATFORM
164;164;164;BLOCK_PLATFORM_BLOODROSE;0.0312;0.0312;0.0312;0.0312;5;900;WOOD;0;1;0;N/A;0;0;16;0.0000;0.0000;0.0000;0.0000;N/A;N/A;0.0;PLATFORM
176;176;192;BLOCK_TORCH;0.0312;0.0312;0.0312;0.0312;1;800;FXTR;0;0;0;N/A;1;0;16;1.0000;0.6372;0.0000;0.0000;N/A;N/A;0.0;LIGHT
177;177;193;BLOCK_TORCH_FROST;0.0312;0.0312;0.0312;0.0312;1;1100;FXTR;0;0;0;N/A;1;0;16;0.3048;0.4848;1.0000;0.0000;N/A;N/A;0.0;LIGHT
192;176;192;BLOCK_TORCH;0.0312;0.0312;0.0312;0.0312;1;800;FXTR;0;0;0;N/A;0;0;16;0.0000;0.0000;0.0000;0.0000;N/A;N/A;0.0;LIGHT,OFF
193;177;193;BLOCK_TORCH_FROST;0.0312;0.0312;0.0312;0.0312;1;1100;FXTR;0;0;0;N/A;0;0;16;0.0000;0.0000;0.0000;0.0000;N/A;N/A;0.0;LIGHT,OFF
208;208;208;BLOCK_ILLUMINATOR_WHITE;0.0312;0.0312;0.0312;0.0312;1;2500;GLAS;1;0;1;N/A;0;0;16;0.9270;0.9414;0.8519;0.0000;N/A;N/A;0.0;LIGHT
209;209;209;BLOCK_ILLUMINATOR_YELLOW;0.0312;0.0312;0.0312;0.0312;1;2500;GLAS;1;0;1;N/A;0;0;16;1.0000;0.8408;0.0000;0.0000;N/A;N/A;0.0;LIGHT
210;210;210;BLOCK_ILLUMINATOR_ORANGE;0.0312;0.0312;0.0312;0.0312;1;2500;GLAS;1;0;1;N/A;0;0;16;1.0000;0.5294;0.0000;0.0000;N/A;N/A;0.0;LIGHT
211;211;211;BLOCK_ILLUMINATOR_RED;0.0312;0.0312;0.0312;0.0312;1;2500;GLAS;1;0;1;N/A;0;0;16;0.9188;0.0000;0.0000;0.0000;N/A;N/A;0.0;LIGHT
212;212;212;BLOCK_ILLUMINATOR_FUCHSIA;0.0312;0.0312;0.0312;0.0312;1;2500;GLAS;1;0;1;N/A;0;0;16;0.9188;0.0000;0.7156;0.0000;N/A;N/A;0.0;LIGHT
213;213;213;BLOCK_ILLUMINATOR_PURPLE;0.0312;0.0312;0.0312;0.0312;1;2500;GLAS;1;0;1;N/A;0;0;16;0.7156;0.0000;0.9188;0.0000;N/A;N/A;0.0;LIGHT
214;214;214;BLOCK_ILLUMINATOR_BLUE;0.0312;0.0312;0.0312;0.0312;1;2500;GLAS;1;0;1;N/A;0;0;16;0.0000;0.1996;0.9188;0.0000;N/A;N/A;0.0;LIGHT
215;215;215;BLOCK_ILLUMINATOR_CYAN;0.0312;0.0312;0.0312;0.0312;1;2500;GLAS;1;0;1;N/A;0;0;16;0.4621;1.4188;1.2368;0.0000;N/A;N/A;0.0;LIGHT
216;216;216;BLOCK_ILLUMINATOR_GREEN;0.0312;0.0312;0.0312;0.0312;1;2500;GLAS;1;0;1;N/A;0;0;16;0.2112;1.0000;0.0000;0.0000;N/A;N/A;0.0;LIGHT
217;217;217;BLOCK_ILLUMINATOR_GREEN_DARK;0.0312;0.0312;0.0312;0.0312;1;2500;GLAS;1;0;1;N/A;0;0;16;0.1252;0.4068;0.0000;0.0000;N/A;N/A;0.0;LIGHT
218;218;218;BLOCK_ILLUMINATOR_BROWN;0.0312;0.0312;0.0312;0.0312;1;2500;GLAS;1;0;1;N/A;0;0;16;0.3324;0.1252;0.0000;0.0000;N/A;N/A;0.0;LIGHT
219;219;219;BLOCK_ILLUMINATOR_TAN;0.0312;0.0312;0.0312;0.0312;1;2500;GLAS;1;0;1;N/A;0;0;16;0.5864;0.4068;0.2032;0.0000;N/A;N/A;0.0;LIGHT
220;220;220;BLOCK_ILLUMINATOR_GREY_LIGHT;0.0312;0.0312;0.0312;0.0312;1;2500;GLAS;1;0;1;N/A;0;0;16;0.7392;0.7392;0.7392;0.0000;N/A;N/A;0.0;LIGHT
221;221;221;BLOCK_ILLUMINATOR_GREY_MED;0.0312;0.0312;0.0312;0.0312;1;2500;GLAS;1;0;1;N/A;0;0;16;0.4576;0.4576;0.4576;0.0000;N/A;N/A;0.0;LIGHT
222;222;222;BLOCK_ILLUMINATOR_GREY_DARK;0.0312;0.0312;0.0312;0.0312;1;2500;GLAS;1;0;1;N/A;0;0;16;0.2540;0.2540;0.2540;0.0000;N/A;N/A;0.0;LIGHT
223;223;223;BLOCK_ILLUMINATOR_BLACK;0.0312;0.0312;0.0312;0.0312;1;2500;GLAS;1;0;1;N/A;0;0;16;0.2140;0.0000;0.4932;3.7499;N/A;N/A;0.0;LIGHT
224;208;208;BLOCK_ILLUMINATOR_WHITE;0.1252;0.1252;0.1252;0.1252;1;2500;GLAS;1;0;1;N/A;0;0;16;0.0000;0.0000;0.0000;0.0000;N/A;N/A;0.0;LIGHT,OFF
225;209;209;BLOCK_ILLUMINATOR_YELLOW;0.1252;0.1252;0.1252;0.1252;1;2500;GLAS;1;0;1;N/A;0;0;16;0.0000;0.0000;0.0000;0.0000;N/A;N/A;0.0;LIGHT,OFF
226;210;210;BLOCK_ILLUMINATOR_ORANGE;0.1252;0.1252;0.1252;0.1252;1;2500;GLAS;1;0;1;N/A;0;0;16;0.0000;0.0000;0.0000;0.0000;N/A;N/A;0.0;LIGHT,OFF
227;211;211;BLOCK_ILLUMINATOR_RED;0.1252;0.1252;0.1252;0.1252;1;2500;GLAS;1;0;1;N/A;0;0;16;0.0000;0.0000;0.0000;0.0000;N/A;N/A;0.0;LIGHT,OFF
228;212;212;BLOCK_ILLUMINATOR_FUCHSIA;0.1252;0.1252;0.1252;0.1252;1;2500;GLAS;1;0;1;N/A;0;0;16;0.0000;0.0000;0.0000;0.0000;N/A;N/A;0.0;LIGHT,OFF
229;213;213;BLOCK_ILLUMINATOR_PURPLE;0.1252;0.1252;0.1252;0.1252;1;2500;GLAS;1;0;1;N/A;0;0;16;0.0000;0.0000;0.0000;0.0000;N/A;N/A;0.0;LIGHT,OFF
230;214;214;BLOCK_ILLUMINATOR_BLUE;0.1252;0.1252;0.1252;0.1252;1;2500;GLAS;1;0;1;N/A;0;0;16;0.0000;0.0000;0.0000;0.0000;N/A;N/A;0.0;LIGHT,OFF
231;215;215;BLOCK_ILLUMINATOR_CYAN;0.1252;0.1252;0.1252;0.1252;1;2500;GLAS;1;0;1;N/A;0;0;16;0.0000;0.0000;0.0000;0.0000;N/A;N/A;0.0;LIGHT,OFF
232;216;216;BLOCK_ILLUMINATOR_GREEN;0.1252;0.1252;0.1252;0.1252;1;2500;GLAS;1;0;1;N/A;0;0;16;0.0000;0.0000;0.0000;0.0000;N/A;N/A;0.0;LIGHT,OFF
233;217;217;BLOCK_ILLUMINATOR_GREEN_DARK;0.1252;0.1252;0.1252;0.1252;1;2500;GLAS;1;0;1;N/A;0;0;16;0.0000;0.0000;0.0000;0.0000;N/A;N/A;0.0;LIGHT,OFF
234;218;218;BLOCK_ILLUMINATOR_BROWN;0.1252;0.1252;0.1252;0.1252;1;2500;GLAS;1;0;1;N/A;0;0;16;0.0000;0.0000;0.0000;0.0000;N/A;N/A;0.0;LIGHT,OFF
235;219;219;BLOCK_ILLUMINATOR_TAN;0.1252;0.1252;0.1252;0.1252;1;2500;GLAS;1;0;1;N/A;0;0;16;0.0000;0.0000;0.0000;0.0000;N/A;N/A;0.0;LIGHT,OFF
236;220;220;BLOCK_ILLUMINATOR_GREY_LIGHT;0.1252;0.1252;0.1252;0.1252;1;2500;GLAS;1;0;1;N/A;0;0;16;0.0000;0.0000;0.0000;0.0000;N/A;N/A;0.0;LIGHT,OFF
237;221;221;BLOCK_ILLUMINATOR_GREY_MED;0.1252;0.1252;0.1252;0.1252;1;2500;GLAS;1;0;1;N/A;0;0;16;0.0000;0.0000;0.0000;0.0000;N/A;N/A;0.0;LIGHT,OFF
238;222;222;BLOCK_ILLUMINATOR_GREY_DARK;0.1252;0.1252;0.1252;0.1252;1;2500;GLAS;1;0;1;N/A;0;0;16;0.0000;0.0000;0.0000;0.0000;N/A;N/A;0.0;LIGHT,OFF
239;223;223;BLOCK_ILLUMINATOR_BLACK;0.1252;0.1252;0.1252;0.1252;1;2500;GLAS;1;0;1;N/A;0;0;16;0.0000;0.0000;0.0000;0.0000;N/A;N/A;0.0;LIGHT,OFF
240;240;240;BLOCK_SANDSTONE;0.1252;0.1252;0.1252;0.1252;48;1900;ROCK;1;0;1;N/A;0;0;16;0.0000;0.0000;0.0000;0.0000;N/A;N/A;0.16;STONE
241;241;241;BLOCK_SANDSTONE_WHITE;0.1252;0.1252;0.1252;0.1252;48;1900;ROCK;1;0;1;N/A;0;0;16;0.0000;0.0000;0.0000;0.0000;N/A;N/A;0.16;STONE
242;242;242;BLOCK_SANDSTONE_RED;0.1252;0.1252;0.1252;0.1252;48;1900;ROCK;1;0;1;N/A;0;0;16;0.0000;0.0000;0.0000;0.0000;N/A;N/A;0.16;STONE
243;243;243;BLOCK_SANDSTONE_DESERT;0.1252;0.1252;0.1252;0.1252;48;1900;ROCK;1;0;1;N/A;0;0;16;0.0000;0.0000;0.0000;0.0000;N/A;N/A;0.16;STONE
244;244;244;BLOCK_SANDSTONE_BLACK;0.1252;0.1252;0.1252;0.1252;48;1900;ROCK;1;0;1;N/A;0;0;16;0.0000;0.0000;0.0000;0.0000;N/A;N/A;0.16;STONE
245;245;245;BLOCK_SANDSTONE_GREEN;0.1252;0.1252;0.1252;0.1252;48;1900;ROCK;1;0;1;N/A;0;0;16;0.0000;0.0000;0.0000;0.0000;N/A;N/A;0.16;STONE
256;256;256;BLOCK_LANTERN;0.0312;0.0312;0.0312;0.0312;1;1800;FXTR;0;0;0;N/A;0;0;16;1.0000;0.6372;0.0000;0.0000;N/A;N/A;0.0;LIGHT
257;257;257;BLOCK_SUNSTONE;0.1252;0.1252;0.1252;0.1252;1;2500;ROCK;1;0;0;N/A;2;0;16;0.0000;0.0000;0.0000;0.0000;N/A;N/A;0.0;LIGHT
258;258;258;BLOCK_DAYLIGHT_CAPACITOR;0.1252;0.1252;0.1252;0.1252;1;2500;GLAS;1;0;0;N/A;3;0;16;0.0000;0.0000;0.0000;0.0000;N/A;N/A;0.0;LIGHT
272;272;272;BLOCK_SCAFFOLDING_NORMAL;0.0312;0.0312;0.0312;0.0312;1;740;WOOD;0;1;0;6;0;0;16;0.0;0.0;0.0;0.0;N/A;N/A;0.0;PLATFORM
273;273;273;BLOCK_SCAFFOLDING_EBONY;0.0312;0.0312;0.0312;0.0312;1;1400;WOOD;0;1;0;6;0;0;16;0.0;0.0;0.0;0.0;N/A;N/A;0.0;PLATFORM
274;274;274;BLOCK_SCAFFOLDING_BIRCH;0.0312;0.0312;0.0312;0.0312;1;670;WOOD;0;1;0;6;0;0;16;0.0;0.0;0.0;0.0;N/A;N/A;0.0;PLATFORM
275;275;275;BLOCK_SCAFFOLDING_BLOODROSE;0.0312;0.0312;0.0312;0.0312;1;900;WOOD;0;1;0;6;0;0;16;0.0;0.0;0.0;0.0;N/A;N/A;0.0;PLATFORM
4090;N/A;N/A;ACTORBLOCK_TILING_PLACEHOLDER;0.1252;0.1252;0.1252;0.1252;48;2400;ROCK;1;0;1;N/A;0;4;16;0.0000;0.0000;0.0000;0.0000;N/A;N/A;0.0;INTERNAL
4091;N/A;N/A;ACTORBLOCK_NO_COLLISION;0.0312;0.0312;0.0312;0.0312;1;1;NULL;0;0;0;N/A;0;0;4;0.0;0.0;0.0;0.0;N/A;N/A;0.0;INTERNAL
4092;N/A;N/A;ACTORBLOCK_FULL_COLLISION;0.0312;0.0312;0.0312;0.0312;1;1;NULL;0;0;0;N/A;0;0;16;0.0;0.0;0.0;0.0;N/A;N/A;0.0;INTERNAL
4093;N/A;N/A;ACTORBLOCK_ALLOW_MOVE_DOWN;0.0312;0.0312;0.0312;0.0312;1;1;NULL;0;1;0;N/A;0;0;16;0.0;0.0;0.0;0.0;N/A;N/A;0.0;INTERNAL
4094;N/A;N/A;ACTORBLOCK_NO_PASS_RIGHT;0.0312;0.0312;0.0312;0.0312;1;1;NULL;0;0;0;N/A;0;0;4;0.0;0.0;0.0;0.0;N/A;N/A;0.0;INTERNAL
4095;N/A;N/A;ACTORBLOCK_NO_PASS_LEFT;0.0312;0.0312;0.0312;0.0312;1;1;NULL;0;0;0;N/A;0;0;4;0.0;0.0;0.0;0.0;N/A;N/A;0.0;INTERNAL
65536;N/A;N/A;BLOCK_WATER;0.1016;0.0744;0.0508;0.0826;100;1000;WATR;0;0;0;0;0;0;16;0.0000;0.0000;0.0000;0.0000;005599A6;16;0.0;NATURAL
65537;N/A;N/A;BLOCK_LAVA;0.9696;0.9696;0.9696;0.9696;100;2600;ROCK;0;0;0;0;0;0;16;0.7664;0.2032;0.0000;0.0000;FF4600E6;32;0.0;NATURAL
-1;N/A;N/A;BLOCK_NULL;4.0000;4.0000;4.0000;4.0000;-1;2600;NULL;0;0;1;N/A;0;0;16;0.0000;0.0000;0.0000;0.0000;N/A;N/A;0.0;INTERNAL


#5000;5000;BLOCK_SIGNAL_POWER_SOURCE;0.1252;0.1252;0.1252;0.1252;24;1400;NULL;0;0;0;N/A;0;4;16;0.0;0.0;0.0;0.0;N/A;N/A;0.0
## Notes ##
# Every block must have a shade value that is at least as dark as the air block's
#
# Lava/Water props are left for future references, do not delete them until FluidCodex is built #
#
# id: Block ID. ID equal to or greater than 4096 is for fluids, mainly for lighting calculation.
# drop: Which item the DroppedItem actually adds to your inventory
# world: Which item the DroppedItem should impersonate when spawned
#
# Drop and World can point to the item from other modules (usually 'basegame')
# To achieve that, specify the full ID, e.g. basegame:32
# When no module ID is specified, the current module will be assumed.
#
# shdr/g/b, lumr/g/b: Shade RGB/ Lum RGB.
#    valid range: float of 0..4; 1.0 for 255
#
# solid: whether the tile has full collision (affects physics; flowers are not solid, glass is solid)
# clear: [PENDING FOR REMOVAL] whether the tile has trnasparency (affects render; flowers AND glass is clear)
# plat: if the block is a Platform (applicable target: actual platforms, furniture filler block that collision == PLATFORM)
#
# vscs: viscosity, (velocity) / (1 + (n/16)), 16 halves movement speed, can be used to non-fluid tiles (sticky hazard, tarmac road in Terraria)
#
# str: Strength of the block against the mining action. Larger value will make the block take longer time to be mined
#
# dsty: density. As we are putting water an 1000, it is identical to specific gravity. [g/l]
#
# dlfn: dynamic luminosity function.
#    0-static, 1-torch flicker, 2-current global light (sun, star, moon), 3-daylight at noon,
#    4-slow breath, 5-pulsate
#
# mate: material, four-letter code
#
# fv: vertical friction (boolean)
# fr: horizontal friction. 0: frictionless, <16: slippery, 16: regular, >16: sticky
#
# grav: Whether the block should fall through the empty space. N/A to not make it fall;
#       0 to fall immediately (e.g. Sand), nonzero to indicate that number of floating blocks can be supported (e.g. Scaffolding)
#
# tags: tag(s) to the item which is used by the crafting system. Multiple tags are separated using commas. Each tag must be all uppercase and only [0-9A-Z] chars are supported.
#
## Illuminators ##
#
# Illuminator white: Mercury Lamp; CIELAB of (94, -5.131, 10.613), which is made out of CIEXYZ of (0.947638, 1.146481, 0.482263), measured with ColorMunki Spectrometer (If you don't want green tinge, collect a daylight!)
# Illuminator orange: Sodium Lamp; CIE xy of (0.5375, 0.4153), CIEXYZ of (352.531139, 272.379377, 30.980339), measured with ColorMunki Spectrometer
# Defalut torch : Y 64 x 0.55183 y 0.40966 (Planckian ~1 770 K); real candlelight colour taken from Spyder5 colorimeter (for I couldn't afford i1DisplayPro/Colormunki -- at least back then!)
# Sunstone: Artificial sunlight, change colour over time in sync with sunlight. The light is set by game's code.
# Sunlight capacitor: daylight at noon. Set by game's code.
#
# BLOCK_ILLUMINATOR_CYAN is actually a SUPER_LUMINATOR, cyan colour is used as:
#   1. It has quite a brightness on RGB colour space
#   2. Helmholz-Kohlraush effect
#
#
## Tiles ##
#
# 16 colour palette : games's 16-colour palette
# Magical ice: theoretical __metallic__ ice that might form under super-high pressure (> 5 TPa). Its density is a wild guess.
#
#
## References ##
#
#     * Density of various woods : http://www.engineeringtoolbox.com/wood-density-d_40.html
#     * Density of various phases of ice : http://www1.lsbu.ac.uk/water/ice_phases.html
#
